VehicleID,Round,OrderCount,StopCount,Plt,TravelDistance,WorkTime,TravelTime,UnloadingTime,WaitingTime,TotalCost,FixedCost,VariableCost
Veh1000_1,1,3,1,1.88,56.49626809,131.1206551,97.3206551,18.4,0,155173.8544,145400,9773.85438
Veh1000_2,1,2,1,2.57,71.46425431,160.9680945,120.2680945,21.85,0,157763.316,145400,12363.316
Veh1000_3,1,5,2,1.47,97.83050051,210.7691547,176.0691547,19.35,0,162324.6766,145400,16924.67659
Veh1000_4,1,7,3,2.52,119.2978998,271.3473168,221.1473168,27.6,0,166038.5367,145400,20638.53667
Veh1000_5,1,3,2,2.07,164.4246418,320.6619066,279.9619066,22.35,0,173845.463,145400,28445.46303
Veh1000_6,1,2,1,0.56,56.49626809,117.9206551,97.3206551,11.8,0,155173.8544,145400,9773.85438
Veh1000_7,1,3,1,2.63,70.27504142,143.6135761,102.3135761,22.15,0,157557.5822,145400,12157.58217
Veh1000_8,1,3,1,1.29,21.95098137,77.86111679,49.96111679,15.45,0,149197.5198,145400,3797.519778
Veh1000_9,1,4,2,1.76,56.05391135,150.8410936,113.2410936,20.8,0,155097.3267,145400,9697.326663
Veh1000_10,1,3,2,0.73,78.72986041,156.8665776,129.5665776,15.65,0,159020.2659,145400,13620.26585
Veh1000_11,1,1,1,1,61.09157243,135.1713886,110.1713886,14,0,155968.842,145400,10568.84203
Veh1000_12,1,4,1,1.53,61.09157243,140.4713886,110.1713886,16.65,0,155968.842,145400,10568.84203
Veh1000_13,1,1,1,1,51.82279517,121.1927257,96.19272573,14,0,154365.3436,145400,8965.343565
Veh1000_14,1,3,1,1.89,105.9131856,186.8496585,152.9496585,18.45,0,163722.9811,145400,18322.98111
Veh1000_15,1,2,1,1.59,45.25988654,110.2821521,79.38215214,16.95,0,153229.9604,145400,7829.960372
Veh1000_16,1,4,2,1.41,78.92874063,197.3870606,163.2870606,19.05,0,159054.6721,145400,13654.67213
Veh1000_17,1,5,2,1.73,130.7626693,274.2499542,236.9499542,20.65,0,168021.9418,145400,22621.94179
Veh1000_18,1,4,3,0.82,141.0636578,287.6101352,254.4101352,19.1,0,169804.0128,145400,24404.01279
Veh1000_19,1,4,2,1.32,102.4606305,174.8691032,141.6691032,18.6,0,163125.6891,145400,17725.68908
Veh1000_20,1,1,1,2.73,102.4606305,183.9691032,141.6691032,22.65,0,163125.6891,145400,17725.68908
Veh1000_21,1,1,1,0.93,85.55970158,167.2649285,142.9649285,13.65,0,160201.8284,145400,14801.82837
Veh1000_22,1,4,1,1.91,85.55970158,177.0649285,142.9649285,18.55,0,160201.8284,145400,14801.82837
Veh1000_23,1,2,1,1.2,51.3810985,99.09254552,72.09254552,15,0,154288.93,145400,8888.930041
Veh1000_24,1,5,2,1.28,91.72089784,207.237351,174.437351,18.4,0,161267.7153,145400,15867.71533
Veh1000_25,1,6,3,2.34,169.421525,330.6165205,282.2165205,26.7,0,174709.9238,145400,29309.92382
Veh1000_26,1,8,2,2.61,197.8513839,351.4177473,305.3177473,25.05,0,179628.2894,145400,34228.28941
Veh1000_27,1,2,2,1.34,80.5530469,183.077201,149.677201,18.7,0,159335.6771,145400,13935.67711
Veh1000_28,1,5,2,0.95,126.9918852,232.626395,203.126395,16.75,0,167369.5961,145400,21969.59615
Veh1000_29,1,1,1,0.93,255.1224976,383.8977313,359.5977313,13.65,0,189536.1921,145400,44136.19209
Veh1000_30,1,3,1,2.62,149.0547582,262.2430923,221.0430923,22.1,0,171186.4732,145400,25786.47317
Veh1000_31,1,3,1,1.38,176.3520295,262.225428,233.425428,15.9,0,175908.9011,145400,30508.90111
Veh1000_32,1,2,1,1.75,255.1224976,392.0977313,359.5977313,17.75,0,189536.1921,145400,44136.19209
Veh1000_33,1,1,1,2.07,51.86160337,130.7699953,95.06999531,19.35,0,154372.0574,145400,8972.057383
Veh1000_34,1,2,1,1.64,51.86160337,126.4699953,95.06999531,17.2,0,154372.0574,145400,8972.057383
Veh1000_35,1,6,1,1.76,51.86160337,127.6699953,95.06999531,17.8,0,154372.0574,145400,8972.057383
Veh1000_36,1,1,1,1,10.14626318,59.26916048,34.26916048,14,0,147155.3035,145400,1755.30353
Veh1000_37,1,2,1,1.39,10.14626318,63.16916048,34.26916048,15.95,0,147155.3035,145400,1755.30353
Veh1000_38,1,1,1,2.38,14.05159368,94.99863154,56.19863154,20.9,0,147830.9257,145400,2430.925707
Veh1000_39,1,2,1,1.33,14.05159368,84.49863154,56.19863154,15.65,0,147830.9257,145400,2430.925707
Veh1000_40,1,1,1,1.46,89.32396545,196.9636418,167.3636418,16.3,0,160853.046,145400,15453.04602
Veh1000_41,1,2,1,1.32,102.5025252,185.8859231,157.6859231,15.6,0,163132.9369,145400,17732.93685
Veh1000_42,1,2,1,2.1,100.3528858,204.1706339,168.1706339,19.5,0,162761.0493,145400,17361.04925
Veh1000_43,1,5,2,2.4,123.5482127,251.8715718,207.8715718,24,0,166773.8408,145400,21373.8408
Veh1000_44,1,8,3,2.51,140.231751,272.5080675,222.4080675,27.55,0,169660.0929,145400,24260.09293
Veh1000_45,1,8,3,2.3,96.91236598,277.5989253,229.5989253,26.5,0,162165.8393,145400,16765.83931
Veh1000_46,1,6,3,2.32,131.1605187,294.1254747,245.9254747,26.6,0,168090.7697,145400,22690.76974
Veh1000_47,1,4,3,1.97,156.7633298,301.8384263,257.1384263,24.85,0,172520.0561,145400,27120.05606
Veh1000_48,1,7,3,1.92,131.9843587,265.6707818,221.4707818,24.6,0,168233.2941,145400,22833.29405
Veh1000_49,1,5,2,2.76,127.1902149,269.1546672,221.5546672,25.8,0,167403.9072,145400,22003.90717
Veh1000_50,1,11,4,2.77,167.870069,374.3643399,316.6643399,31.85,0,174441.5219,145400,29041.52193
Veh1000_51,1,5,4,1.58,60.71520229,217.8314843,172.0314843,25.9,0,155903.73,145400,10503.73
Veh1000_52,1,3,2,0.98,134.5606832,258.5801095,228.7801095,16.9,0,168678.9982,145400,23278.99819
Veh1000_53,1,3,2,1.59,102.2177183,219.9279726,184.0279726,19.95,0,163083.6653,145400,17683.66527
Veh1000_54,1,3,1,2.46,46.74713775,116.9728168,77.37281685,21.3,0,153487.2548,145400,8087.254831
Veh1000_55,1,6,2,2.68,155.7948226,269.0040864,222.2040864,25.4,0,172352.5043,145400,26952.50431
Veh1000_56,1,5,3,1.71,303.9455482,430.1989056,388.0989056,23.55,0,197982.5798,145400,52582.57984
Veh1000_57,1,4,1,2.78,69.99374365,195.038921,152.238921,22.9,0,157508.9177,145400,12108.91765
Veh1000_58,1,2,1,2.42,35.38456139,102.4321575,63.23215749,21.1,0,151521.5291,145400,6121.529121
Veh1000_59,1,4,1,2.35,93.58782356,188.5590771,150.0590771,20.75,0,161590.6935,145400,16190.69348
Veh1000_60,1,6,2,1.51,136.3762059,232.97906,197.87906,19.55,0,168993.0836,145400,23593.08363
Veh1000_61,1,5,1,1.84,64.78508556,141.1155565,107.7155565,18.2,0,156607.8198,145400,11207.8198
Veh1000_62,1,7,2,2,100.959944,239.4351622,199.4351622,22,0,162866.0703,145400,17466.07032
Veh1000_63,1,3,2,1.46,133.7143181,267.8700091,233.2700091,19.3,0,168532.577,145400,23132.57703
Veh1000_64,1,2,1,0.45,69.99374365,171.738921,152.238921,11.25,0,157508.9177,145400,12108.91765
Veh1000_65,1,2,1,0.27,35.38456139,80.93215749,63.23215749,10.35,0,151521.5291,145400,6121.529121
Veh1000_66,1,2,1,2.65,210.6514205,327.063938,285.563938,22.25,0,181842.6958,145400,36442.69575
Veh1000_67,1,4,2,1.9,214.468617,332.3390855,293.3390855,21.5,0,182503.0707,145400,37103.07074
Veh1000_68,1,6,3,1.96,239.597965,403.8654499,359.2654499,24.8,0,186850.4479,145400,41450.44794
Veh1000_69,1,1,1,1,96.59448312,172.0167704,147.0167704,14,0,162110.8456,145400,16710.84558
Veh1000_70,1,4,1,1.6,96.59448312,178.0167704,147.0167704,17,0,162110.8456,145400,16710.84558
Veh1000_71,1,4,1,1.46,59.25947707,125.3679745,95.76797449,16.3,0,155651.8895,145400,10251.88953
Veh1000_72,1,5,2,0.98,111.838873,227.1333819,197.3333819,16.9,0,164748.125,145400,19348.12503
Veh1000_73,1,2,1,0.28,56.13350927,114.0967507,96.29675065,10.4,0,155111.0971,145400,9711.097104
Veh1000_74,1,1,1,1,49.47381308,115.0909483,90.09094834,14,0,153958.9697,145400,8558.969664
Veh1000_75,1,1,1,0.67,49.47381308,111.7909483,90.09094834,12.35,0,153958.9697,145400,8558.969664
Veh1000_76,1,2,1,1.46,49.47381308,119.6909483,90.09094834,16.3,0,153958.9697,145400,8558.969664
Veh1000_77,1,4,1,1.18,49.47381308,116.8909483,90.09094834,14.9,0,153958.9697,145400,8558.969664
Veh1000_78,1,1,1,1.67,61.27616902,169.6435483,137.9435483,17.35,0,156000.7772,145400,10600.77724
Veh1000_79,1,1,1,0.6,61.27616902,158.9435483,137.9435483,12,0,156000.7772,145400,10600.77724
Veh1000_80,1,2,1,1.86,61.27616902,171.5435483,137.9435483,18.3,0,156000.7772,145400,10600.77724
Veh1000_81,1,2,1,1.03,72.59998912,145.0464003,119.7464003,14.15,0,157959.7981,145400,12559.79812
Veh1000_82,1,4,2,1.42,97.12846206,238.0882561,203.8882561,19.1,0,162203.2239,145400,16803.22394
Veh1000_83,1,2,1,2.36,136.811695,193.7489079,155.1489079,20.8,0,169068.4232,145400,23668.42324
Veh1000_84,1,2,1,0.57,136.811695,175.8489079,155.1489079,11.85,0,169068.4232,145400,23668.42324
Veh1000_85,1,5,1,1.28,46.59688633,115.4224803,87.62248031,15.4,0,153461.2613,145400,8061.261334
Veh1000_86,1,1,1,0.22,71.20132253,130.2336968,113.0336968,10.1,0,157717.8288,145400,12317.8288
Veh1000_87,1,3,1,1.51,11.42660388,75.7758171,45.6758171,16.55,0,147376.8025,145400,1976.802471
Veh1000_88,1,2,1,0.86,33.90406835,94.11930126,70.51930126,13.3,0,151265.4038,145400,5865.403824
Veh1000_89,1,1,1,0.34,11.42660388,64.0758171,45.6758171,10.7,0,147376.8025,145400,1976.802471
Veh1000_90,1,4,3,1.01,99.39727198,257.1235597,222.0235597,20.05,0,162595.7281,145400,17195.72805
Veh1000_91,1,9,5,1.25,104.8260995,329.7907212,282.2907212,27.25,0,163534.9152,145400,18134.91522
Veh1000_92,1,4,1,0.52,143.6703607,196.2541631,176.0541631,11.6,0,170254.9724,145400,24854.97241
Veh1000_93,1,1,1,0.14,85.7881346,194.7822709,178.3822709,9.7,0,160241.3473,145400,14841.34729
Veh1000_94,1,9,5,1.7,146.0813308,287.5199638,235.5199638,29.5,0,170672.0702,145400,25272.07023
Veh1000_95,1,1,1,0.14,77.29722992,129.7882065,113.3882065,9.7,0,158772.4208,145400,13372.42078
Veh1000_96,1,2,1,0.27,151.5762942,184.4647476,166.7647476,10.35,0,171622.6989,145400,26222.6989
Veh1000_97,1,3,1,1.58,87.06178649,156.338456,125.538456,16.9,0,160461.6891,145400,15061.68906
Veh1000_98,1,3,1,2.15,62.99733692,137.0372692,100.5372692,19.75,0,156298.5393,145400,10898.53929
Veh1000_99,1,8,3,1.92,134.6209039,289.1469458,244.9469458,24.6,0,168689.4164,145400,23289.41637
Veh1000_100,1,1,1,0.13,111.2920908,197.4280713,181.1280713,9.65,0,164653.5317,145400,19253.53171
Veh1000_101,1,2,2,0.25,111.4553119,215.8891321,193.3891321,13.25,0,164681.769,145400,19281.76895
Veh1000_102,1,4,3,0.77,113.9609885,236.776766,204.076766,18.85,0,165115.251,145400,19715.25101
Veh1000_103,1,6,3,2.05,85.29465358,214.8511883,169.3511883,25.25,0,160155.9751,145400,14755.97507
Veh1000_104,1,3,2,1.1,131.3633725,244.3947353,213.3947353,17.5,0,168125.8634,145400,22725.86345
Veh1000_105,1,7,2,1.34,79.32848313,183.2552561,149.8552561,18.7,0,159123.8276,145400,13723.82758
Veh1000_106,1,1,1,0.17,131.2460362,172.0211525,155.3211525,9.85,0,168105.5643,145400,22705.56426
Veh1000_107,1,1,1,2.71,33.42933352,111.8516106,69.75161063,22.55,0,151183.2747,145400,5783.2747
Veh1000_108,1,1,1,0.34,235.7441539,349.2892884,330.8892884,10.7,0,186183.7386,145400,40783.73863
Veh1000_109,1,3,3,0.96,139.6045374,255.2374419,220.6374419,19.8,0,169551.585,145400,24151.58496
Veh1000_110,1,4,2,0.79,136.947698,239.8972058,211.9972058,15.95,0,169091.9517,145400,23691.95175
Veh1000_111,1,2,1,0.57,143.7335347,216.7802343,196.0802343,11.85,0,170265.9015,145400,24865.90151
Veh1000_112,1,3,3,1.27,128.9719077,249.0437416,211.3437416,21.35,0,167712.14,145400,22312.14003
Veh1000_113,1,1,1,0.1,64.03593635,148.3358323,132.3358323,9.5,0,156478.217,145400,11078.21699
Veh1000_114,1,5,2,1.18,75.95098194,180.5048785,148.7048785,17.9,0,158539.5199,145400,13139.51988
Veh1000_115,1,2,1,0.57,53.19013682,114.7519323,94.05193225,11.85,0,154601.8937,145400,9201.89367
Veh1000_116,1,7,2,1.63,76.03836117,178.8958804,142.5958804,20.15,0,158554.6365,145400,13154.63648
Veh1000_117,1,3,2,0.79,106.620876,180.4335583,152.5335583,15.95,0,163845.4115,145400,18445.41154
Veh1000_118,1,2,1,1.25,76.47961323,172.4084396,144.9084396,15.25,0,158630.9731,145400,13230.97309
Veh1000_119,1,1,1,0.14,102.0452268,169.4990377,153.0990377,9.7,0,163053.8242,145400,17653.82424
Veh1000_120,1,1,1,0.14,54.36585179,104.9667219,88.56672189,9.7,0,154805.2924,145400,9405.29236
Veh1000_121,1,2,1,1.56,92.60113417,174.0007964,143.4007964,16.8,0,161419.9962,145400,16019.99621
Veh1000_122,1,5,2,0.66,107.1752157,196.0300351,169.4300351,15.3,0,163941.3123,145400,18541.31232
Veh1000_123,1,2,1,2.42,96.53866453,181.5379022,142.3379022,21.1,0,162101.189,145400,16701.18896
Veh1000_124,1,2,1,0.88,161.1245395,296.3189435,272.5189435,13.4,0,173274.5453,145400,27874.54533
Veh1000_125,1,1,1,0.11,68.80370861,114.0172271,97.91722707,9.55,0,157303.0416,145400,11903.04159
Veh1000_126,1,2,2,0.54,70.43451594,144.7335236,119.3335236,14.7,0,157585.1713,145400,12185.17126
Veh1000_127,1,3,1,0.83,108.6418944,193.299434,169.999434,13.15,0,164195.0477,145400,18795.04774
Veh1000_128,1,3,2,1.95,57.43680331,138.3533135,98.85331349,21.75,0,155336.567,145400,9936.566973
Veh1000_129,1,4,2,1.66,84.88629627,198.0481317,161.4481317,20.3,0,160085.3293,145400,14685.32926
Veh1000_130,1,3,2,2.27,65.54088373,167.6684916,124.9684916,23.35,0,156738.5729,145400,11338.57289
Veh1000_131,1,2,2,0.97,77.37533566,163.2851752,133.5851752,16.85,0,158785.9331,145400,13385.93307
Veh1000_132,1,1,1,1.25,64.04528356,152.3835715,124.8835715,15.25,0,156479.8341,145400,11079.83406
Veh1000_133,1,2,1,0.55,59.79383641,115.6646876,95.16468763,11.75,0,155744.3337,145400,10344.3337
Veh1000_134,1,2,1,0.3,72.46776312,136.0552228,118.0552228,10.5,0,157936.923,145400,12536.92302
Veh1000_135,1,2,2,0.32,72.01135128,142.5016188,119.3016188,13.6,0,157857.9638,145400,12457.96377
Veh1000_136,1,3,2,0.68,53.41493947,134.2064787,107.4064787,15.4,0,154640.7845,145400,9240.784528
Veh1000_137,1,2,1,0.23,188.5841161,300.8277131,283.5277131,10.15,0,178025.0521,145400,32625.05208
Veh1000_138,1,2,2,1.43,50.73538312,142.9745632,108.6745632,19.15,0,154177.2213,145400,8777.221279
Veh1000_139,1,1,1,0.1,57.80074014,99.29858072,83.29858072,9.5,0,155399.528,145400,9999.528044
Veh1000_140,1,2,1,0.41,9.895821307,42.84931075,23.74931075,11.05,0,147111.9771,145400,1711.977086
Veh1000_141,1,1,1,0.78,91.5170335,142.3325064,119.5325064,12.9,0,161232.4468,145400,15832.4468
Veh1000_142,1,5,1,1.07,61.35049655,108.7486931,83.04869312,14.35,0,156013.6359,145400,10613.6359
Veh1000_143,1,2,1,0.83,83.4596832,122.06491,98.76490996,13.15,0,159838.5252,145400,14438.52519
Veh1000_144,1,2,1,1.01,147.1188949,233.2159997,208.1159997,14.05,0,170851.5688,145400,25451.56882
Veh1000_145,1,3,1,1.04,101.6271757,183.2803341,157.8803341,14.2,0,162981.5014,145400,17581.5014
Veh1000_146,1,1,1,0.1,96.78253516,201.7726939,185.7726939,9.5,0,162143.3786,145400,16743.37858
Veh1000_147,1,2,1,0.62,190.4342238,274.0181587,252.8181587,12.1,0,178345.1207,145400,32945.12072
Veh1000_148,1,2,1,0.24,79.93497595,160.3846017,142.9846017,10.2,0,159228.7508,145400,13828.75084
Veh1000_149,1,2,1,0.5,78.11302362,158.4426525,138.4426525,11.5,0,158913.5531,145400,13513.55309
Veh1000_150,1,3,2,0.88,110.0447686,255.4325871,226.6325871,16.4,0,164437.745,145400,19037.74497
Veh2500_1,1,3,1,2.22,88.8440487,175.7404129,138.5404129,20.1,0,188570.0204,173200,15370.02043
Veh2500_2,1,4,3,3.62,91.86574726,259.9351425,198.7351425,33.1,0,189092.7743,173200,15892.77428
Veh2500_3,1,13,5,2.53,81.17058915,295.0396968,234.7396968,33.65,0,187242.5119,173200,14042.51192
Veh2500_4,1,11,4,3.33,138.9454173,329.7522709,266.4522709,34.65,0,197237.5572,173200,24037.55719
Veh2500_5,1,5,2,2.22,112.9495711,255.4790551,213.2790551,23.1,0,192740.2758,173200,19540.2758
Veh2500_6,1,4,3,3.61,255.4416288,378.9179488,317.8179488,33.05,0,217391.4018,173200,44191.40178
Veh2500_7,1,4,1,2.11,89.81691439,177.7577853,141.6577853,19.55,0,188738.3262,173200,15538.32619
Veh2500_8,1,6,4,3.47,110.8482851,290.0268273,225.3268273,35.35,0,192376.7533,173200,19176.75333
Veh2500_9,1,9,3,3.3,156.2547721,319.6033902,261.6033902,31.5,0,200232.0756,173200,27032.07558
Veh2500_10,1,8,4,3.97,165.1071996,350.1840365,280.4840365,37.85,0,201763.5455,173200,28563.54554
Veh2500_11,1,3,1,1.99,93.91634564,196.7691626,161.8691626,18.95,0,189447.5278,173200,16247.5278
Veh2500_12,1,1,1,2.72,95.83420601,218.3799486,176.1799486,22.6,0,189779.3176,173200,16579.31764
Veh2500_13,1,6,1,2.61,51.01550518,132.8655386,91.76553863,22.05,0,182025.6824,173200,8825.682396
Veh2500_14,1,3,1,3.67,68.9016372,179.3275174,127.6275174,27.35,0,185119.9832,173200,11919.98324
Veh2500_15,1,4,1,2.42,41.54691659,111.1371249,71.93712494,21.1,0,180387.6166,173200,7187.61657
Veh2500_16,1,1,1,3.47,38.50173961,119.6305623,69.93056235,26.35,0,179860.801,173200,6660.800953
Veh2500_17,1,1,1,3,29.43637913,104.3470159,59.34701589,24,0,178292.4936,173200,5092.493589
Veh2500_18,1,7,1,2.34,26.3899235,99.22632094,60.82632094,20.7,0,177765.4568,173200,4565.456765
Veh2500_19,1,7,6,3.33,331.8089306,547.9557955,474.6557955,40.65,0,230602.945,173200,57402.94499
Veh2500_20,1,4,1,2.81,182.1642237,326.111692,283.011692,23.05,0,204714.4107,173200,31514.41069
Veh2500_21,1,1,1,3.1,51.63207078,145.0669202,99.06692023,24.5,0,182132.3482,173200,8932.348245
Veh2500_22,1,3,3,3.61,110.2756624,290.718333,229.618333,33.05,0,192277.6896,173200,19077.68959
Veh2500_23,1,5,3,1.63,78.05422271,233.7486276,192.4486276,23.15,0,186703.3805,173200,13503.38053
Veh2500_24,1,1,1,3.32,75.81247874,169.1949783,120.9949783,25.6,0,186315.5588,173200,13115.55882
Veh2500_25,1,2,1,2.77,75.81247874,163.6949783,120.9949783,22.85,0,186315.5588,173200,13115.55882
Veh2500_26,1,7,2,2.09,135.6447774,212.6362036,171.7362036,22.45,0,196666.5465,173200,23466.54649
Veh2500_27,1,10,4,3.9,53.66630676,194.1528042,125.1528042,37.5,0,182484.2711,173200,9284.271069
Veh2500_28,1,2,2,1.78,233.8763173,393.6885081,355.8885081,20.9,0,213660.6029,173200,40460.60289
Veh2500_29,1,6,2,2.21,251.3505483,401.3781786,359.2781786,23.05,0,216683.6449,173200,43483.64485
Veh2500_30,1,4,1,2.59,142.2101378,238.9084325,198.0084325,21.95,0,197802.3538,173200,24602.35383
Veh2500_31,1,7,2,3.8,169.3605721,339.6397488,281.6397488,31,0,202499.379,173200,29299.37897
Veh2500_32,1,4,4,1.69,152.892612,305.2965144,258.3965144,26.45,0,199650.4219,173200,26450.42188
Veh2500_33,1,6,3,2.76,89.19662836,227.3234533,174.7234533,28.8,0,188631.0167,173200,15431.01671
Veh2500_34,1,5,4,1.49,108.0633107,281.3714314,236.4714314,25.45,0,191894.9527,173200,18694.95275
Veh2500_35,1,6,3,2.81,98.07523839,228.3796482,175.2796482,29.05,0,190167.0162,173200,16967.01624
Veh2500_36,1,1,1,3.87,78.18016949,175.9780447,122.2780447,28.35,0,186725.1693,173200,13525.16932
Veh2500_37,1,6,3,3.34,90.73966497,230.8362095,172.4362095,31.7,0,188897.962,173200,15697.96204
Veh2500_38,1,5,1,3.17,60.22125347,158.1441108,111.4441108,24.85,0,183618.2768,173200,10418.27685
Veh2500_39,1,4,2,2.53,101.6487976,207.062956,161.762956,24.65,0,190785.242,173200,17585.24199
Veh2500_40,1,8,2,2.47,92.46268018,197.0638777,152.3638777,24.35,0,189196.0437,173200,15996.04367
Veh2500_41,1,2,1,3.09,66.40238851,153.2540654,107.3540654,24.45,0,184687.6132,173200,11487.61321
Veh2500_42,1,3,1,2.54,112.5438064,196.4053581,156.0053581,21.7,0,192670.0785,173200,19470.0785
Veh2500_43,1,2,1,3.33,51.07331994,137.5660167,89.26601675,25.65,0,182035.6843,173200,8835.684349
Veh2500_44,1,3,1,2.4,58.9218234,140.8105203,101.8105203,21,0,183393.4754,173200,10193.47545
Veh2500_45,1,9,2,2.8,78.34445163,189.4132288,141.4132288,26,0,186753.5901,173200,13553.59013
Veh2500_46,1,1,1,3.32,219.6736623,350.0309053,301.8309053,25.6,0,211203.5436,173200,38003.54357
Veh2500_47,1,5,1,3.76,52.68430395,136.3458399,83.7458399,27.8,0,182314.3846,173200,9114.384584
Veh2500_48,1,6,2,2.34,21.11090969,114.1047193,70.70471931,23.7,0,176852.1874,173200,3652.187377
Veh2500_49,1,3,1,3.57,123.7779235,210.4456483,159.7456483,26.85,0,194613.5808,173200,21413.58077
Veh2500_50,1,5,1,3.25,59.0967912,126.2534952,78.75349524,25.25,0,183423.7449,173200,10223.74488
Veh2500_51,1,4,1,3.1,101.5893571,196.9981017,150.9981017,24.5,0,190774.9588,173200,17574.95878
Veh2500_52,1,4,2,1.58,130.8893842,232.1653023,196.3653023,19.9,0,195843.8635,173200,22643.86347
Veh2500_53,1,4,1,3.99,134.213716,255.7843464,200.8843464,28.95,0,196418.9729,173200,23218.97286
Veh2500_54,1,5,1,2.24,177.9603553,270.7824821,233.3824821,20.2,0,203987.1415,173200,30787.14146
Veh2500_55,1,4,1,3.76,112.3751025,211.7356105,159.1356105,27.8,0,192640.8927,173200,19440.89273
Veh2500_56,1,3,1,3.18,92.36931924,205.7736713,158.9736713,24.9,0,189179.8922,173200,15979.89223
Veh2500_57,1,3,1,1.81,83.55994114,172.2061331,139.1061331,18.05,0,187655.8698,173200,14455.86982
Veh2500_58,1,9,2,3.24,99.03673527,247.081007,194.681007,28.2,0,190333.3552,173200,17133.3552
Veh2500_59,1,3,1,2.28,84.87420874,193.0568074,155.2568074,20.4,0,187883.2381,173200,14683.23811
Veh3500_1,1,1,1,3.09,82.38405466,187.4970956,141.5970956,24.45,0,219525.021,200000,19525.02095
Veh3500_2,1,1,1,4.78,82.38405466,204.3970956,141.5970956,32.9,0,219525.021,200000,19525.02095
Veh3500_3,1,7,1,4.17,82.38405466,198.2970956,141.5970956,29.85,0,219525.021,200000,19525.02095
Veh3500_4,1,1,1,6,88.8440487,213.5404129,138.5404129,39,0,221056.0395,200000,21056.03954
Veh3500_5,1,5,2,2.93,114.0839842,229.9328068,180.6328068,26.65,0,227037.9043,200000,27037.90426
Veh3500_6,1,4,2,4.95,109.2342839,210.9041394,141.4041394,36.75,0,225888.5253,200000,25888.52529
Veh3500_7,1,8,3,6,88.25616335,267.7737835,182.7737835,45,0,220916.7107,200000,20916.71071
Veh3500_8,1,3,2,6.66,169.7876541,370.4808924,283.8808924,45.3,0,240239.674,200000,40239.67403
Veh3500_9,1,5,2,7.83,86.22932231,273.2920264,174.9920264,51.15,0,220436.3494,200000,20436.34939
Veh3500_10,1,6,3,5.46,110.1606455,284.9315066,205.3315066,42.3,0,226108.073,200000,26108.07299
Veh3500_11,1,9,3,4.64,101.9489424,259.9476663,188.5476663,38.2,0,224161.8993,200000,24161.89934
Veh3500_12,1,12,4,6.65,94.9101252,289.1821299,192.6821299,51.25,0,222493.6997,200000,22493.69967
Veh3500_13,1,11,3,5.69,133.9720811,285.5898598,203.6898598,43.45,0,231751.3832,200000,31751.38321
Veh3500_14,1,3,1,7.54,39.19612815,162.6971906,72.29719058,46.7,0,209289.4824,200000,9289.482371
Veh3500_15,1,5,1,5.52,49.61084806,165.356652,95.15665198,36.6,0,211757.771,200000,11757.77099
Veh3500_16,1,4,1,7.82,43.46025093,169.4155742,76.21557424,48.1,0,210300.0795,200000,10300.07947
Veh3500_17,1,7,4,5.43,85.99149118,297.1819064,212.8819064,45.15,0,220379.9834,200000,20379.98341
Veh3500_18,1,7,2,7.98,83.2618816,244.9488494,145.1488494,51.9,0,219733.0659,200000,19733.06594
Veh3500_19,1,8,3,4.24,78.59942457,236.4469277,169.0469277,36.2,0,218628.0636,200000,18628.06362
Veh3500_20,1,8,3,6.93,81.8456539,275.632172,181.332172,49.65,0,219397.42,200000,19397.41997
Veh3500_21,1,6,3,5.11,100.739046,260.3490309,184.2490309,40.55,0,223875.1539,200000,23875.1539
Veh3500_22,1,6,3,7.88,92.86911307,267.4110376,163.6110376,54.4,0,222009.9798,200000,22009.9798
Veh3500_23,1,12,3,7.82,76.56931673,278.3877803,175.1877803,54.1,0,218146.9281,200000,18146.92807
Veh3500_24,1,6,1,5.59,143.6703607,246.9541631,176.0541631,36.95,0,234049.8755,200000,34049.87549
Veh3500_25,1,8,3,4.91,120.9415028,278.5034459,204.4034459,39.55,0,228663.1362,200000,28663.13617
Veh3500_26,1,1,1,5.44,124.3779054,258.0405833,188.6405833,36.2,0,229477.5636,200000,29477.56359
Veh3500_27,1,4,1,4.1,124.3779054,244.6405833,188.6405833,29.5,0,229477.5636,200000,29477.56359
Veh3500_28,1,2,1,6.55,112.5942642,258.4272553,177.9272553,41.75,0,226684.8406,200000,26684.84061
Veh3500_29,1,8,1,6.11,112.5942642,254.0272553,177.9272553,39.55,0,226684.8406,200000,26684.84061
Veh3500_30,1,1,1,5.55,90.01951881,234.9941797,164.4941797,36.75,0,221334.626,200000,21334.62596
Veh3500_31,1,6,2,6.42,82.00462042,239.8396616,155.6396616,44.1,0,219435.095,200000,19435.09504
Veh3500_32,1,5,2,4.36,116.5200509,264.5685213,200.9685213,33.8,0,227615.2521,200000,27615.25207
Veh3500_33,1,4,3,5.79,142.8492896,354.106898,271.206898,43.95,0,233855.2816,200000,33855.28164
Veh3500_34,1,5,3,6.28,170.7242812,381.7754417,293.9754417,46.4,0,240461.6546,200000,40461.65464
Veh3500_35,1,9,3,5.8,135.7873988,369.3110852,286.3110852,44,0,232181.6135,200000,32181.61352
Veh3500_36,1,7,3,7.24,109.1196163,332.9317436,235.5317436,51.2,0,225861.3491,200000,25861.34906
Veh3500_37,1,9,3,6.03,98.43608353,295.2443616,209.9443616,45.15,0,223329.3518,200000,23329.3518
Veh3500_38,1,14,4,6.69,198.492263,423.9296684,327.0296684,51.45,0,247042.6663,200000,47042.66634
Veh3500_39,1,10,3,6,157.5060455,386.8127501,301.8127501,45,0,237328.9328,200000,37328.93277
Veh3500_40,1,11,3,7.82,113.4370046,349.6596342,246.4596342,54.1,0,226884.5701,200000,26884.57009
Veh3500_41,1,1,1,5.8,42.0741047,150.2011522,77.20115223,38,0,209971.5628,200000,9971.562815
Veh3500_42,1,2,1,5.12,42.0741047,143.4011522,77.20115223,34.6,0,209971.5628,200000,9971.562815
Veh3500_43,1,5,1,7.82,44.41953973,164.8315006,71.63150056,48.1,0,210527.4309,200000,10527.43092
Veh3500_44,1,9,4,7.04,95.20525983,287.2701711,186.8701711,53.2,0,222563.6466,200000,22563.64658
Veh3500_45,1,8,3,6.45,67.83034046,248.0013546,158.5013546,47.25,0,216075.7907,200000,16075.79069
Veh3500_46,1,11,3,7.94,56.9552772,226.5580444,122.1580444,54.7,0,213498.4007,200000,13498.4007
Veh3500_47,1,10,4,7.33,68.77741095,247.1522262,143.8522262,54.65,0,216300.2464,200000,16300.24639
Veh3500_48,1,5,1,4.94,151.5762942,231.1647476,166.7647476,33.7,0,235923.5817,200000,35923.58173
Veh3500_49,1,1,1,5.5,51.85645072,160.0862197,90.08621972,36.5,0,212289.9788,200000,12289.97882
Veh3500_50,1,7,1,7.38,51.85645072,178.8862197,90.08621972,45.9,0,212289.9788,200000,12289.97882
Veh3500_51,1,1,1,3.09,89.81691439,187.5577853,141.6577853,24.45,0,221286.6087,200000,21286.60871
Veh3500_52,1,9,1,7.69,67.90928414,207.4271995,115.5271995,47.45,0,216094.5003,200000,16094.50034
Veh3500_53,1,14,3,7.03,82.02761082,265.6162663,170.3162663,50.15,0,219440.5438,200000,19440.54376
Veh3500_54,1,11,3,5.27,108.8630951,270.4334742,192.7334742,41.35,0,225800.5535,200000,25800.55353
Veh3500_55,1,8,3,5.43,69.84348041,234.2911399,154.9911399,42.15,0,216552.9049,200000,16552.90486
Veh3500_56,1,13,4,5.49,84.08802365,242.3523484,157.4523484,45.45,0,219928.8616,200000,19928.8616
Veh3500_57,1,1,1,6.64,67.90928414,196.9271995,115.5271995,42.2,0,216094.5003,200000,16094.50034
Veh3500_58,1,1,1,3.5,95.39729482,203.8346522,153.8346522,26.5,0,222609.1589,200000,22609.15887
Veh3500_59,1,6,2,4.73,187.7243716,328.6147946,261.3147946,35.65,0,244490.6761,200000,44490.67608
Veh3500_60,1,5,2,6.47,189.2562538,339.330611,254.630611,44.35,0,244853.7322,200000,44853.73215
Veh3500_61,1,7,2,4.24,255.4699907,419.1882771,356.7882771,33.2,0,260546.3878,200000,60546.3878
Veh3500_62,1,14,2,7.83,195.4376533,414.4642337,316.1642337,51.15,0,246318.7238,200000,46318.72383
Veh3500_63,1,2,1,5.43,87.06178649,194.838456,125.538456,36.15,0,220633.6434,200000,20633.6434
Veh3500_64,1,10,3,4.69,118.2842317,281.5371048,209.6371048,38.45,0,228033.3629,200000,28033.36292
Veh3500_65,1,3,1,6.91,84.09740819,220.3350528,136.2350528,43.55,0,219931.0857,200000,19931.08574
Veh3500_66,1,1,1,5.83,93.91634564,235.1691626,161.8691626,38.15,0,222258.1739,200000,22258.17392
Veh3500_67,1,3,1,4.76,95.83420601,238.7799486,176.1799486,32.8,0,222712.7068,200000,22712.70683
Veh3500_68,1,1,1,4.03,51.01550518,147.0655386,91.76553863,29.15,0,212090.6747,200000,12090.67473
Veh3500_69,1,1,1,4.98,53.00872762,170.5228941,105.7228941,33.9,0,212563.0684,200000,12563.06845
Veh3500_70,1,4,1,7.2,51.00765502,177.2298537,90.22985368,45,0,212088.8142,200000,12088.81424
Veh3500_71,1,5,2,3.99,110.0184314,296.7561283,236.8561283,31.95,0,226074.3682,200000,26074.36824
Veh3500_72,1,10,2,5.99,132.9290084,309.2178454,229.3178454,41.95,0,231504.175,200000,31504.17499
Veh3500_73,1,5,2,6.75,95.3562092,307.2145074,219.7145074,45.75,0,222599.4216,200000,22599.42158
Veh3500_74,1,11,2,5.82,76.88227011,239.520701,161.320701,41.1,0,218221.098,200000,18221.09802
Veh3500_75,1,5,2,6.7,114.3576763,286.1068212,199.1068212,45.5,0,227102.7693,200000,27102.76928
Veh3500_76,1,9,3,4.77,144.6904754,343.8495699,271.1495699,38.85,0,234291.6427,200000,34291.64267
Veh3500_77,1,5,2,2.71,80.22223503,207.2575239,160.1575239,25.55,0,219012.6697,200000,19012.6697
Veh3500_78,1,5,2,3.77,105.809459,294.3672574,236.6672574,30.85,0,225076.8418,200000,25076.84179
Veh3500_79,1,8,2,5.39,101.744244,273.6206647,199.7206647,38.95,0,224113.3858,200000,24113.38583
Veh3500_80,1,8,2,5.15,119.3263757,287.1332982,215.6332982,37.75,0,228280.3511,200000,28280.35105
Veh3500_81,1,3,2,7.92,86.15390328,311.2153397,212.0153397,51.6,0,220418.4751,200000,20418.47508
Veh3500_82,1,8,2,7.91,77.78355135,288.651551,189.551551,51.55,0,218434.7017,200000,18434.70167
Veh3500_83,1,5,2,4.72,106.9625078,271.8533665,204.6533665,35.6,0,225350.1143,200000,25350.11434
Veh3500_84,1,6,2,6.3,80.28496737,258.0655729,175.0655729,43.5,0,219027.5373,200000,19027.53727
Veh3500_85,1,5,2,6.28,106.5424005,282.6973581,199.8973581,43.4,0,225250.5489,200000,25250.54892
Veh3500_86,1,9,3,7.97,110.6568517,324.6901877,219.9901877,54.85,0,226225.6738,200000,26225.67384
Veh3500_87,1,5,3,7.81,129.753248,334.1387476,231.0387476,54.05,0,230751.5198,200000,30751.51977
Veh3500_88,1,7,3,6.16,143.0740453,354.9644928,268.3644928,45.8,0,233908.5487,200000,33908.54873
Veh3500_89,1,5,2,6.81,100.382203,260.855798,172.755798,46.05,0,223790.5821,200000,23790.58212
Veh3500_90,1,12,4,6.6,179.0893695,418.3635979,322.3635979,51,0,242444.1806,200000,42444.18057
Veh3500_91,1,15,4,6.56,133.7492204,382.6077254,287.0077254,50.8,0,231698.5652,200000,31698.56523
Veh3500_92,1,13,5,6.56,156.3612356,458.1914839,357.5914839,53.8,0,237057.6128,200000,37057.61284
Veh3500_93,1,13,5,7.22,156.1853446,482.7046582,375.5046582,57.1,0,237015.9267,200000,37015.92667
Veh3500_94,1,14,5,7.96,150.5250521,447.1822914,332.5822914,60.8,0,235674.4374,200000,35674.43735
Veh3500_95,1,26,13,8,198.748362,697.0512367,542.0512367,85,0,247103.3618,200000,47103.3618
Veh3500_96,1,21,11,5.48,232.985886,707.4819693,587.6819693,66.4,0,255217.655,200000,55217.65499
Veh3500_97,1,3,1,5.8,53.00872762,178.7228941,105.7228941,38,0,212563.0684,200000,12563.06845
Veh3500_98,1,1,1,4.53,27.78825586,113.3089528,53.00895276,31.65,0,206585.8166,200000,6585.816639
Veh3500_99,1,4,1,3.85,27.78825586,106.5089528,53.00895276,28.25,0,206585.8166,200000,6585.816639
Veh3500_100,1,1,1,3.51,68.9016372,177.7275174,127.6275174,26.55,0,216329.688,200000,16329.68802
Veh3500_101,1,1,1,4.75,41.54691659,134.4371249,71.93712494,32.75,0,209846.6192,200000,9846.619231
Veh3500_102,1,4,1,3.2,38.50173961,116.9305623,69.93056235,25,0,209124.9123,200000,9124.912288
Veh3500_103,1,2,1,5.19,26.3899235,127.7263209,60.82632094,34.95,0,206254.4119,200000,6254.411868
Veh3500_104,1,2,1,5.74,42.99630696,141.7509928,69.35099281,37.7,0,210190.1247,200000,10190.12475
Veh3500_105,1,7,2,4.89,55.92229589,181.7700372,112.8700372,36.45,0,213253.5841,200000,13253.58413
Veh3500_106,1,7,3,8,77.04122092,267.5266318,162.5266318,55,0,218258.7694,200000,18258.76936
Veh3500_107,1,12,2,7.25,42.8628301,184.8455707,92.34557066,48.25,0,210158.4907,200000,10158.49073
Veh3500_108,1,6,2,5.34,57.02952631,173.4174222,100.0174222,38.7,0,213515.9977,200000,13515.99774
Veh3500_109,1,7,2,7.94,71.58897229,237.2303981,137.8303981,51.7,0,216966.5864,200000,16966.58643
Veh3500_110,1,5,3,7.19,69.30564767,266.7984084,169.8984084,50.95,0,216425.4385,200000,16425.4385
Veh3500_111,1,6,2,6.62,72.66277075,200.3297482,114.1297482,45.1,0,217221.0767,200000,17221.07667
Veh3500_112,1,10,3,6.57,73.03967754,264.2040919,173.5040919,47.85,0,217310.4036,200000,17310.40358
Veh3500_113,1,6,3,7.86,103.2940142,317.6370657,214.0370657,54.3,0,224480.6814,200000,24480.68136
Veh3500_114,1,6,2,7.73,74.67687891,246.2158864,148.9158864,50.65,0,217698.4203,200000,17698.4203
Veh3500_115,1,11,2,6.17,88.96348602,228.3902392,146.6902392,42.85,0,221084.3462,200000,21084.34619
Veh3500_116,1,16,3,7.43,109.9455482,304.4900476,205.1900476,52.15,0,226057.0949,200000,26057.09493
Veh3500_117,1,8,3,6.72,93.00340677,263.0885077,170.8885077,48.6,0,222041.8074,200000,22041.80741
Veh3500_118,1,14,4,7.98,92.19260067,320.1427714,210.3427714,57.9,0,221849.6464,200000,21849.64636
Veh3500_119,1,9,4,7.92,72.97523102,270.9584709,161.7584709,57.6,0,217295.1298,200000,17295.12975
Veh3500_120,1,13,4,7.92,95.23224386,315.3122364,206.1122364,57.6,0,222570.0418,200000,22570.04179
Veh3500_121,1,8,5,7.41,108.0674371,354.1473871,245.0473871,58.05,0,225611.9826,200000,25611.98259
Veh3500_122,1,16,6,7.21,129.2540461,409.6519563,297.5519563,60.05,0,230633.2089,200000,30633.20892
Veh3500_123,1,26,10,7.6,189.8170883,540.268587,404.268587,74,0,244986.6499,200000,44986.64992
Veh3500_124,1,17,11,7.73,266.0550873,705.6011242,563.3011242,77.65,0,263055.0557,200000,63055.0557
Veh3500_125,1,3,1,6.2,29.43637913,136.3470159,59.34701589,40,0,206976.4219,200000,6976.421853
Veh3500_126,1,8,3,7.97,67.57350537,259.7513826,155.0513826,54.85,0,216014.9208,200000,16014.92077
Veh3500_127,1,1,1,5.55,77.49697667,200.3853536,129.8853536,36.75,0,218366.7835,200000,18366.78347
Veh3500_128,1,1,1,6.25,77.49697667,207.3853536,129.8853536,40.25,0,218366.7835,200000,18366.78347
Veh3500_129,1,1,1,7.76,78.27989303,221.0069556,128.4069556,47.8,0,218552.3346,200000,18552.33465
Veh3500_130,1,7,1,4.2,78.27989303,185.4069556,128.4069556,30,0,218552.3346,200000,18552.33465
Veh3500_131,1,2,1,3.28,62.99733692,148.3372692,100.5372692,25.4,0,214930.3689,200000,14930.36885
Veh3500_132,1,7,3,6.39,105.96496,283.7437261,194.8437261,46.95,0,225113.6955,200000,25113.69552
Veh3500_133,1,8,3,6.72,121.6024853,266.0785412,173.8785412,48.6,0,228819.789,200000,28819.78902
Veh3500_134,1,14,3,7.74,153.8128729,396.1381604,293.7381604,53.7,0,236453.6509,200000,36453.65087
Veh3500_135,1,10,3,7.13,117.3209834,316.6977853,220.3977853,50.65,0,227805.0731,200000,27805.07307
Veh3500_136,1,7,3,7.29,194.3861944,431.0287846,333.1287846,51.45,0,246069.5281,200000,46069.52806
Veh3500_137,1,5,2,5.33,82.53685549,224.6194867,151.3194867,38.65,0,219561.2348,200000,19561.23475
Veh3500_138,1,7,3,4.17,136.2765617,295.2218991,228.5218991,35.85,0,232297.5451,200000,32297.54512
Veh3500_139,1,8,3,6.88,257.0356356,533.1536885,439.3536885,49.4,0,260917.4456,200000,60917.44563
Veh3500_140,1,8,3,7.98,175.4316068,406.9661728,302.1661728,54.9,0,241577.2908,200000,41577.2908
Veh3500_141,1,8,3,7.62,117.1295802,317.3745614,216.1745614,53.1,0,227759.7105,200000,27759.7105
Veh3500_142,1,8,3,6.63,90.53512766,259.8485848,168.5485848,48.15,0,221456.8253,200000,21456.82526
Veh3500_143,1,11,5,5.69,268.4821443,557.5091782,465.6091782,49.45,0,263630.2682,200000,63630.2682
Veh3500_144,1,24,10,7.88,249.8596428,699.9079956,561.1079956,75.4,0,259216.7353,200000,59216.73534
Veh3500_145,1,13,8,6.04,198.4200243,531.9703353,421.5703353,60.2,0,247025.5458,200000,47025.54576
Veh3500_146,1,7,2,5.26,120.0898223,219.6757537,147.0757537,38.3,0,228461.2879,200000,28461.28788
Veh3500_147,1,7,3,7.76,165.8444482,353.1654841,250.5654841,53.8,0,239305.1342,200000,39305.13422
Veh3500_148,1,6,3,6.58,145.5479824,303.6743527,212.8743527,47.9,0,234494.8718,200000,34494.87183
Veh3500_149,1,19,5,7.93,192.4152673,422.4231495,308.1231495,60.65,0,245602.4183,200000,45602.41835
Veh3500_150,1,14,5,4.47,150.0083376,344.9159733,265.2159733,43.35,0,235551.976,200000,35551.976
Veh3500_151,1,4,1,4.59,86.76892885,217.5916729,156.6916729,31.95,0,220564.2361,200000,20564.23614
Veh3500_152,1,8,1,5.77,126.4392116,261.69781,188.99781,37.85,0,229966.0932,200000,29966.09315
Veh3500_153,1,8,4,6.44,113.0323909,302.883222,208.483222,50.2,0,226788.6766,200000,26788.67663
Veh3500_154,1,4,2,7.99,86.53705033,252.9880022,153.0880022,51.95,0,220509.2809,200000,20509.28093
Veh3500_155,1,12,4,7.34,172.9554642,413.2429199,309.8429199,54.7,0,240990.445,200000,40990.44501
Veh3500_156,1,16,4,5.48,185.5627812,403.873193,319.073193,45.4,0,243978.3791,200000,43978.37915
Veh3500_157,1,12,3,7.66,120.3090299,334.5892663,232.9892663,53.3,0,228513.2401,200000,28513.24009
Veh3500_158,1,13,2,6.77,121.1755721,290.4171809,202.7171809,45.85,0,228718.6106,200000,28718.6106
Veh3500_159,1,9,4,4.92,104.5755499,291.1926632,211.9926632,42.6,0,224784.4053,200000,24784.40531
Veh3500_160,1,15,7,7.34,205.479968,506.616983,388.216983,63.7,0,248698.7524,200000,48698.75243
Veh3500_161,1,1,1,3.49,46.36490495,127.7685782,77.86857823,26.45,0,210988.4825,200000,10988.48247
Veh3500_162,1,1,1,4.8,74.91090223,180.0375749,117.0375749,33,0,217753.8838,200000,17753.88383
Veh3500_163,1,8,3,5.02,103.7325973,267.1427998,191.9427998,40.1,0,224584.6256,200000,24584.62556
Veh3500_164,1,9,3,5.74,96.92392627,278.840352,196.440352,43.7,0,222970.9705,200000,22970.97053
Veh3500_165,1,7,2,7.52,138.9656194,307.6936009,212.4936009,49.6,0,232934.8518,200000,32934.8518
Veh3500_166,1,10,2,4.84,113.3359804,258.9900255,190.5900255,36.2,0,226860.6273,200000,26860.62734
Veh3500_167,1,4,2,7.16,107.540485,250.1693578,158.5693578,47.8,0,225487.095,200000,25487.09495
Veh3500_168,1,10,3,6.48,116.2699822,266.8394713,177.0394713,47.4,0,227555.9858,200000,27555.98579
Veh3500_169,1,7,3,4.14,136.6804852,302.6646929,236.2646929,35.7,0,232393.275,200000,32393.27498
Veh3500_170,1,9,3,7.47,101.7046525,309.8351393,210.1351393,52.35,0,224104.0026,200000,24104.00265
Veh3500_171,1,7,3,6.81,94.45235056,288.4769229,195.3769229,49.05,0,222385.2071,200000,22385.20708
Veh3500_172,1,7,4,7.91,102.0112256,314.5156391,205.4156391,57.55,0,224176.6605,200000,24176.66047
Veh3500_173,1,10,5,7.98,180.4151243,430.9992074,316.1992074,60.9,0,242758.3845,200000,42758.38445
Veh3500_174,1,6,4,7.98,101.0945791,333.6385017,223.8385017,57.9,0,223959.4153,200000,23959.41525
Veh3500_175,1,21,9,7.61,201.0294108,541.9427749,410.8427749,71.05,0,247643.9704,200000,47643.97035
Veh3500_176,1,11,5,4.43,143.4573815,354.2633725,274.9633725,43.15,0,233999.3994,200000,33999.39941
Veh3500_177,1,6,4,7.91,132.60296,333.9392427,224.8392427,57.55,0,231426.9015,200000,31426.90153
Veh3500_178,1,2,1,6.57,46.36490495,158.5685782,77.86857823,41.85,0,210988.4825,200000,10988.48247
Veh3500_179,1,1,1,3,45.3864665,116.9852577,71.98525769,24,0,210756.5926,200000,10756.59256
Veh3500_180,1,6,3,5.03,68.52139362,224.1960922,148.8960922,40.15,0,216239.5703,200000,16239.57029
Veh3500_181,1,4,2,4.86,46.39985216,173.7568657,105.1568657,36.3,0,210996.765,200000,10996.76496
Veh3500_182,1,8,2,4.78,52.12902416,171.4666724,103.6666724,35.9,0,212354.5787,200000,12354.57873
Veh3500_183,1,9,2,5.7,55.41979953,180.808613,103.808613,40.5,0,213134.4925,200000,13134.49249
Veh3500_184,1,7,2,6.48,54.78872813,183.1218647,98.3218647,44.4,0,212984.9286,200000,12984.92857
Veh3500_185,1,7,2,5.54,58.9857551,190.4065868,115.0065868,39.7,0,213979.624,200000,13979.62396
Veh3500_186,1,7,2,6.19,67.30713704,185.6993828,103.7993828,42.95,0,215951.7915,200000,15951.79148
Veh3500_187,1,9,2,8,45.91942859,201.7177009,101.7177009,52,0,210882.9046,200000,10882.90457
Veh3500_188,1,10,3,7.11,66.41825507,232.6996132,136.5996132,50.55,0,215741.1265,200000,15741.12645
Veh3500_189,1,13,3,7.93,74.11079289,254.1887261,149.8887261,54.65,0,217564.2579,200000,17564.25791
Veh3500_190,1,15,6,7.87,135.3469143,408.5577797,289.8577797,63.35,0,232077.2187,200000,32077.2187
Veh3500_191,1,21,8,7,131.7497127,398.0272201,278.0272201,65,0,231224.6819,200000,31224.6819
Veh3500_192,1,5,3,4.82,182.0758998,315.2502174,242.0502174,39.1,0,243151.9883,200000,43151.98826
Veh3500_193,1,5,2,5.3,188.5162549,342.3425895,269.3425895,38.5,0,244678.3524,200000,44678.35242
Veh3500_194,1,10,2,7.93,151.0857332,314.9069215,215.6069215,51.65,0,235807.3188,200000,35807.31878
Veh3500_195,1,9,3,7.44,182.0277821,365.617077,266.217077,52.2,0,243140.5844,200000,43140.58436
Veh3500_196,1,1,1,6.6,189.0635738,329.5217098,248.5217098,42,0,244808.067,200000,44808.067
Veh3500_197,1,2,1,7.44,182.1642237,372.411692,283.011692,46.2,0,243172.921,200000,43172.92101
Veh3500_198,1,9,2,6.61,277.7790564,472.4888946,386.3888946,45.05,0,265833.6364,200000,65833.63636
Veh3500_199,1,7,2,7.93,170.5281628,367.4346027,268.1346027,51.65,0,240415.1746,200000,40415.17457
Veh3500_200,1,8,4,5.43,250.0451248,486.672229,402.372229,45.15,0,259260.6946,200000,59260.69458
Veh3500_201,1,12,6,7.55,295.8694477,602.6988209,487.1988209,61.75,0,270121.0591,200000,70121.0591
Veh3500_202,1,6,2,6.15,255.9581014,471.072342,389.572342,42.75,0,260662.07,200000,60662.07003
Veh3500_203,1,4,1,7.94,187.8142278,336.8888633,242.4888633,48.7,0,244511.972,200000,44511.97199
Veh3500_204,1,2,1,3.09,51.63207078,144.9669202,99.06692023,24.45,0,212236.8008,200000,12236.80077
Veh3500_205,1,1,1,8,84.77069472,236.1631951,141.1631951,49,0,220090.6546,200000,20090.65465
Veh3500_206,1,8,1,4.44,84.77069472,200.5631951,141.1631951,31.2,0,220090.6546,200000,20090.65465
Veh3500_207,1,2,1,6.03,55.05380682,183.7146243,108.4146243,39.15,0,213047.7522,200000,13047.75222
Veh3500_208,1,6,2,4.56,115.2871037,294.7659401,229.1659401,34.8,0,227323.0436,200000,27323.04358
Veh3500_209,1,9,3,7.7,95.73183604,277.2713157,175.2713157,53.5,0,222688.4451,200000,22688.44514
Veh3500_210,1,6,2,5.46,92.58821081,241.0688217,166.4688217,39.3,0,221943.406,200000,21943.40596
Veh3500_211,1,7,2,6.25,117.9603108,267.9101241,185.4101241,43.25,0,227956.5937,200000,27956.59366
Veh3500_212,1,6,2,5.3,89.49248812,261.5393753,188.5393753,38.5,0,221209.7197,200000,21209.71969
Veh3500_213,1,4,2,4.72,81.15819335,265.3791366,198.1791366,35.6,0,219234.4918,200000,19234.49182
Veh3500_214,1,13,2,5.29,101.8977846,273.8800495,200.9800495,38.45,0,224149.7749,200000,24149.77494
Veh3500_215,1,8,2,7.13,73.88635416,277.3875322,186.0875322,47.65,0,217511.0659,200000,17511.06594
Veh3500_216,1,10,3,7.14,93.08961211,320.0302753,223.6302753,50.7,0,222062.2381,200000,22062.23807
Veh3500_217,1,7,3,4.08,78.47400402,232.318451,166.518451,35.4,0,218598.339,200000,18598.33895
Veh3500_218,1,4,2,7.58,71.9271448,258.8568066,163.0568066,49.9,0,217046.7333,200000,17046.73332
Veh3500_219,1,3,3,4.27,92.32068382,293.1877518,225.4877518,36.35,0,221880.0021,200000,21880.00207
Veh3500_220,1,8,3,6.76,79.70016609,254.9662008,162.3662008,48.8,0,218888.9394,200000,18888.93936
Veh3500_221,1,6,2,5.08,53.07513809,162.4927166,91.69271665,37.4,0,212578.8077,200000,12578.80773
Veh3500_222,1,7,2,4.21,105.3477939,218.2287523,156.1287523,33.05,0,224967.4271,200000,24967.42715
Veh3500_223,1,6,2,5.02,75.09462901,234.3654765,164.1654765,37.1,0,217797.4271,200000,17797.42708
Veh3500_224,1,5,2,4.24,100.8120915,200.8690139,138.4690139,33.2,0,223892.4657,200000,23892.46569
Veh3500_225,1,4,2,5.4,56.59726082,180.6194879,106.6194879,39,0,213413.5508,200000,13413.55082
Veh3500_226,1,8,2,7.34,136.585759,278.5677945,185.1677945,48.7,0,232370.8249,200000,32370.82489
Veh3500_227,1,7,3,4.48,81.93599143,210.4707004,140.6707004,37.4,0,219418.83,200000,19418.82997
Veh3500_228,1,4,2,5.6,206.0767373,343.8598974,267.8598974,40,0,248840.1867,200000,48840.18674
Veh3500_229,1,5,2,5.03,262.2049727,436.0534268,365.7534268,37.15,0,262142.5785,200000,62142.57853
Veh3500_230,1,8,2,6.15,106.0227588,284.1900692,202.6900692,42.75,0,225127.3938,200000,25127.39384
Veh3500_231,1,5,2,5.53,117.0797434,275.1398477,199.8398477,39.65,0,227747.8992,200000,27747.89918
Veh3500_232,1,7,2,4.72,131.7111546,286.3583244,219.1583244,35.6,0,231215.5436,200000,31215.54364
Veh3500_233,1,5,3,4.44,128.0220398,276.351938,206.951938,37.2,0,230341.2234,200000,30341.22344
Veh3500_234,1,10,3,4.6,90.18182936,239.5727195,168.5727195,38,0,221373.0936,200000,21373.09356
Veh3500_235,1,1,1,3,142.2101378,243.0084325,198.0084325,24,0,233703.8027,200000,33703.80265
Veh3500_236,1,5,2,7.27,174.9620288,319.6026722,226.9026722,48.35,0,241466.0008,200000,41466.00082
Veh3500_237,1,8,2,5.34,150.8479878,287.5652194,214.1652194,38.7,0,235750.9731,200000,35750.97311
Veh3500_238,1,6,2,5.97,196.6142268,371.2017916,291.5017916,41.85,0,246597.5717,200000,46597.57174
Veh3500_239,1,1,1,5.12,69.32757399,184.798922,118.598922,34.6,0,216430.635,200000,16430.63504
Veh3500_240,1,2,1,7.1,52.93236925,183.1850971,97.18509713,44.5,0,212544.9715,200000,12544.97151
Veh3500_241,1,5,1,5.88,46.1922258,153.3269816,79.52698156,38.4,0,210947.5575,200000,10947.55752
Veh3500_242,1,2,1,7.3,30.00192894,142.2953167,54.29531671,45.5,0,207110.4572,200000,7110.457158
Veh3500_243,1,4,2,6.46,104.6476357,277.2694899,192.6694899,44.3,0,224801.4896,200000,24801.48965
Veh3500_244,1,9,2,7.02,70.9240851,241.0363826,150.8363826,47.1,0,216809.0082,200000,16809.00817
Veh3500_245,1,8,3,4.92,67.51004004,220.5304839,146.3304839,39.6,0,215999.8795,200000,15999.87949
Veh3500_246,1,8,2,7.38,76.14673254,216.3078823,122.5078823,48.9,0,218046.7756,200000,18046.77561
Veh3500_247,1,5,2,8,76.56659371,233.7089981,133.7089981,52,0,218146.2827,200000,18146.28271
Veh3500_248,1,13,3,5.72,76.56463564,220.4256795,138.2256795,43.6,0,218145.8186,200000,18145.81865
Veh3500_249,1,8,2,5.73,75.18656964,218.0165306,140.7165306,40.65,0,217819.217,200000,17819.21701
Veh3500_250,1,5,2,4.73,75.19902543,232.5786579,165.2786579,35.65,0,217822.169,200000,17822.16903
Veh3500_251,1,9,2,5.63,99.35341671,243.1836062,166.8836062,40.15,0,223546.7598,200000,23546.75976
Veh3500_252,1,9,3,7.24,87.53755952,264.4269535,167.0269535,51.2,0,220746.4016,200000,20746.40161
Veh3500_253,1,8,3,4.38,173.9812343,303.9080377,235.1080377,36.9,0,241233.5525,200000,41233.55253
Veh3500_254,1,3,1,4.73,50.00141556,151.7373044,89.43730441,32.65,0,211850.3355,200000,11850.33549
Veh3500_255,1,3,2,6.01,54.52096523,187.276917,107.176917,42.05,0,212921.4688,200000,12921.46876
Veh3500_256,1,8,2,5.09,79.8165434,210.5311699,139.6311699,37.45,0,218916.5208,200000,18916.52079
Veh3500_257,1,4,2,4.73,97.30833881,230.8035347,163.5035347,35.65,0,223062.0763,200000,23062.0763
Veh3500_258,1,1,1,4.98,52.40905356,159.5498311,94.74983106,33.9,0,212420.9457,200000,12420.94569
Veh3500_259,1,4,1,6.62,52.40905356,175.9498311,94.74983106,42.1,0,212420.9457,200000,12420.94569
Veh3500_260,1,1,1,5.48,44.27871222,142.0343597,72.23435975,36.4,0,210494.0548,200000,10494.0548
Veh3500_261,1,4,1,5.07,44.27871222,137.9343597,72.23435975,34.35,0,210494.0548,200000,10494.0548
Veh3500_262,1,2,1,6.77,64.04528356,207.5835715,124.8835715,42.85,0,215178.7322,200000,15178.7322
Veh3500_263,1,5,1,4.07,30.53000883,114.3234009,58.6234009,29.35,0,207235.6121,200000,7235.612093
Veh3500_264,1,3,1,6.34,208.3811486,418.4131847,340.0131847,40.7,0,249386.3322,200000,49386.33222
Veh3500_265,1,3,1,6.78,161.4528787,312.2295577,229.4295577,42.9,0,238264.3323,200000,38264.33226
Veh3500_266,1,3,1,4.65,219.6736623,363.3309053,301.8309053,32.25,0,252062.658,200000,52062.65796
Veh3500_267,1,1,1,8,23.78258661,150.0009925,55.00099249,49,0,205636.473,200000,5636.473026
Veh3500_268,1,4,1,5.02,23.78258661,120.2009925,55.00099249,34.1,0,205636.473,200000,5636.473026
Veh3500_269,1,1,1,6.3,61.35049655,161.0486931,83.04869312,40.5,0,214540.0677,200000,14540.06768
Veh3500_270,1,6,1,5.67,9.895821307,95.44931075,23.74931075,37.35,0,202345.3096,200000,2345.30965
Veh3500_271,1,5,2,3.83,22.10925829,124.9432965,66.64329653,31.15,0,205239.8942,200000,5239.894215
Veh3500_272,1,2,1,5.28,44.05623054,151.0363258,83.23632583,35.4,0,210441.3266,200000,10441.32664
Veh3500_273,1,3,1,3.52,96.78253516,235.9726939,185.7726939,26.6,0,222937.4608,200000,22937.46083
Veh3500_274,1,3,2,4.67,111.4800234,267.8404953,201.1404953,35.35,0,226420.7656,200000,26420.76556
Veh3500_275,1,2,1,4.81,94.91242104,217.2195179,154.1195179,33.05,0,222494.2438,200000,22494.24379
Veh3500_276,1,3,1,4.63,107.3539434,266.0816132,204.7816132,32.15,0,225442.8846,200000,25442.88457
Veh3500_277,1,3,1,4.89,98.71693128,236.590434,172.690434,33.45,0,223395.9127,200000,23395.91271
Veh5000_1,1,1,1,9.92,55.19121455,210.8837037,96.68370374,58.6,0,253592.8812,234000,19592.88116
Veh5000_2,1,1,1,8.5,39.19612815,172.2971906,72.29719058,51.5,0,247914.6255,234000,13914.62549
Veh5000_3,1,1,1,7.64,84.09595107,214.4916396,123.0916396,47.2,0,263854.0626,234000,29854.06263
Veh5000_4,1,1,1,9,51.9471998,177.5347096,72.53470957,54,0,252441.2559,234000,18441.25593
Veh5000_5,1,1,1,9.73,69.32007087,235.974246,123.674246,57.65,0,258608.6252,234000,24608.62516
Veh5000_6,1,1,1,5.68,231.8443054,406.4397213,334.6397213,37.4,0,316304.7284,234000,82304.7284
Veh5000_7,1,1,1,5.18,63.95894554,150.7184258,83.91842576,34.9,0,256705.4257,234000,22705.42567
Veh5000_8,1,1,1,7.87,77.07995122,224.2817387,130.5817387,48.35,0,261363.3827,234000,27363.38268
Veh5000_9,1,1,1,7.6,108.6418944,260.999434,169.999434,47,0,272567.8725,234000,38567.87252
Veh5000_10,1,1,1,4.91,55.95229615,155.0537507,90.95375074,33.55,0,253863.0651,234000,19863.06513
Veh5000_11,1,1,1,4.55,190.4342238,313.3181587,252.8181587,31.75,0,301604.1494,234000,67604.14945
Veh5000_12,1,1,1,4.91,219.6736623,365.9309053,301.8309053,33.55,0,311984.1501,234000,77984.15011
Veh5000_13,1,1,1,6.58,76.15287664,203.0876876,122.2876876,41.9,0,261034.2712,234000,27034.27121
Veh5000_14,1,1,1,7.21,92.60113417,230.5007964,143.4007964,45.05,0,266873.4026,234000,32873.40263
Veh5000_15,1,1,1,5.21,81.74614685,225.327421,158.227421,35.05,0,263019.8821,234000,29019.88213
Veh11000_1,1,1,1,7.06,78.89119225,204.1800745,118.5800745,44.3,0,218413.1919,185200,33213.19194
Veh11000_2,1,1,1,12.08,41.17510154,203.1078439,67.30784385,69.4,0,202534.7177,185200,17334.71775
Veh11000_3,1,2,2,15.05,84.32511052,337.358199,166.858199,87.25,0,220700.8715,185200,35500.87153
Veh11000_4,1,1,1,14.62,31.44951178,225.5242376,64.32423758,82.1,0,198440.2445,185200,13240.24446
Veh11000_5,1,1,1,9.38,36.31710784,168.3608586,59.56085859,55.9,0,200489.5024,185200,15289.5024
Veh11000_6,1,2,2,12.86,177.9296342,390.0762155,241.4762155,76.3,0,260108.376,185200,74908.37598
Veh11000_7,1,2,2,10.23,114.7751126,331.4586782,209.1586782,63.15,0,233520.3224,185200,48320.3224
Veh11000_8,1,1,1,12.48,20.97833185,192.4872594,52.68725938,71.4,0,194031.8777,185200,8831.877708
Veh11000_9,1,1,1,10.3,123.5201039,276.6024011,158.6024011,60.5,0,237201.9637,185200,52001.96374
Veh11000_10,1,2,2,13.77,125.8796897,343.8628555,186.1628555,80.85,0,238195.3494,185200,52995.34938
Veh11000_11,1,2,2,14.98,102.5857926,320.3066208,150.5066208,86.9,0,228388.6187,185200,43188.61869
Veh11000_12,1,1,1,11.17,132.1405153,291.4584876,164.7584876,64.85,0,240831.1569,185200,55631.15693
Veh11000_13,1,1,1,8.79,28.93177475,164.2679366,61.36793664,52.95,0,197380.2772,185200,12180.27717
Veh11000_14,1,2,1,7.14,52.16533246,193.2025909,106.8025909,44.7,0,207161.605,185200,21961.60497
Veh11000_15,1,1,1,11.31,79.23689809,263.3190553,135.2190553,65.55,0,218558.7341,185200,33358.7341
Veh11000_16,1,2,2,13.8,59.36001741,304.1944235,146.1944235,81,0,210190.5673,185200,24990.56733
Veh11000_17,1,1,1,15.9,79.58219003,307.9301342,133.9301342,88.5,0,218704.102,185200,33504.102
Veh11000_18,1,2,2,12.33,100.6101029,301.7961014,158.4961014,73.65,0,227556.8533,185200,42356.8533
Veh11000_19,1,2,2,15.05,107.5256591,372.9548502,202.4548502,87.25,0,230468.3025,185200,45268.30247
Veh11000_20,1,2,2,10.83,74.73851025,262.1616532,133.8616532,66.15,0,216664.9128,185200,31464.91282
Veh11000_21,1,1,1,8,92.921379,243.8352632,148.8352632,49,0,224319.9006,185200,39119.90056
Veh11000_22,1,2,2,14.16,61.90823226,279.7397866,118.1397866,82.8,0,211263.3658,185200,26063.36578
Veh11000_23,1,1,1,10.34,42.99630696,187.7509928,69.35099281,60.7,0,203301.4452,185200,18101.44523
Veh11000_24,1,1,1,15.23,79.02662988,296.9172367,129.6172367,85.15,0,218470.2112,185200,33270.21118
Veh11000_25,1,2,2,16,92.64748551,336.8680458,156.8680458,92,0,224204.5914,185200,39004.5914
Veh11000_26,1,2,2,9.99,87.24731521,296.0033642,176.1033642,61.95,0,221931.1197,185200,36731.1197
Veh11000_27,1,2,2,9.99,73.03140186,265.5540599,145.6540599,61.95,0,215946.2202,185200,30746.22018
Veh11000_28,1,2,2,14.97,212.5312042,463.5089372,293.8089372,86.85,0,274675.637,185200,89475.63698
Veh11000_29,1,2,2,13.11,118.0938683,369.4349724,218.3349724,77.55,0,234917.5186,185200,49717.51857
Veh11000_30,1,2,2,12.78,92.14539421,314.7739141,166.9739141,75.9,0,223993.211,185200,38793.21096
Veh11000_31,1,1,1,13.73,46.36490495,230.1685782,77.86857823,77.65,0,204719.625,185200,19519.62498
Veh11000_32,1,1,1,12.21,95.8376979,291.3744301,154.2744301,70.05,0,225547.6708,185200,40347.67082
Veh11000_33,1,1,1,12,83.93072128,282.3969312,147.3969312,69,0,220534.8337,185200,35334.83366
Veh11000_34,1,1,1,10,96.64842996,275.1662695,160.1662695,59,0,225888.989,185200,40688.98901
Veh11000_35,1,1,1,11.55,61.70754555,215.3280862,84.82808623,66.75,0,211178.8767,185200,25978.87668
Veh11000_36,1,1,1,6.74,68.46108792,194.697114,112.297114,42.7,0,214022.118,185200,28822.11801
Veh11000_37,1,1,1,9.37,75.81247874,229.6949783,120.9949783,55.85,0,217117.0535,185200,31917.05355
Veh11000_38,1,1,1,11.98,55.96171591,236.0659245,101.2659245,68.9,0,208759.8824,185200,23559.8824
Veh11000_39,1,2,2,14.92,126.8208697,346.7729484,177.5729484,86.6,0,238591.5862,185200,53391.58615
Veh11000_40,1,2,2,7.9,84.50441668,252.8538968,153.8538968,51.5,0,220776.3594,185200,35576.35942
Veh11000_41,1,1,1,12.23,61.95075169,231.9913838,94.69138382,70.15,0,211281.2665,185200,26081.26646
Veh11000_42,1,1,1,14.6,76.33186321,295.5539499,134.5539499,82,0,217335.7144,185200,32135.71441
Veh11000_43,1,2,2,14.5,193.4684085,421.4968393,256.4968393,84.5,0,266650.2,185200,81450.19996
Veh11000_44,1,2,2,13.32,153.0348018,361.3144446,208.1144446,78.6,0,249627.6515,185200,64427.65154
Veh11000_45,1,1,1,10,78.18016949,237.2780447,122.2780447,59,0,218113.8514,185200,32913.85136
Veh11000_46,1,1,1,11.98,80.27603467,285.5507099,150.7507099,68.9,0,218996.2106,185200,33796.2106
Veh11000_47,1,2,2,9.53,108.3324597,316.3086481,201.0086481,59.65,0,230807.9655,185200,45607.96554
Veh11000_48,1,1,1,12.36,25.9867985,201.7943954,63.19439536,70.8,0,196140.4422,185200,10940.44217
Veh11000_49,1,1,1,8.19,108.6418944,266.899434,169.999434,49.95,0,230938.2376,185200,45738.23755
Veh11000_50,1,1,1,15.85,101.6271757,331.3803341,157.8803341,88.25,0,227985.041,185200,42785.04098
Veh11000_51,1,1,1,13.77,74.30844542,281.4816372,128.7816372,77.85,0,216483.8555,185200,31283.85552
Veh11000_52,1,1,1,13.77,39.49350689,221.1405855,68.44058548,77.85,0,201826.7664,185200,16626.7664
Veh11000_53,1,1,1,10.22,80.11792406,244.1889744,126.9889744,60.1,0,218929.646,185200,33729.64603
Veh11000_54,1,1,1,11.39,132.4127901,297.8503762,168.9503762,65.95,0,240945.7846,185200,55745.78463
Veh11000_55,1,1,1,14.15,92.36931924,315.4736713,158.9736713,79.75,0,224087.4834,185200,38887.4834